{
  "bridge": "across",
  "model_type": "xgboost",
  "features": [
    "amount_usd",
    "hour_of_day",
    "day_of_week",
    "is_weekend",
    "month",
    "bridge_hourly_volume",
    "log_amount",
    "hour_sin",
    "hour_cos",
    "route_enc",
    "src_symbol_enc"
  ],
  "feature_medians": {
    "amount_usd": 21.123227075573705,
    "hour_of_day": 12.0,
    "day_of_week": 3.0,
    "is_weekend": 0.0,
    "month": 3.0,
    "bridge_hourly_volume": 302.0,
    "log_amount": 3.096628055505779,
    "hour_sin": 1.2246467991473532e-16,
    "hour_cos": -0.25881904510252063
  },
  "metrics": {
    "mae": 0.010190972954369997,
    "rmse": 0.018464447938286943,
    "r2": 0.9166036414466434
  },
  "confidence": "high",
  "n_samples": 354897,
  "n_train": 283917,
  "n_test": 70980,
  "last_trained": "2026-04-09T13:53:31.220591+00:00",
  "feature_importance": {
    "amount_usd": 0.4333035945892334,
    "hour_of_day": 0.007799576036632061,
    "day_of_week": 0.010170552879571915,
    "is_weekend": 0.008213697001338005,
    "month": 0.005533433519303799,
    "bridge_hourly_volume": 0.007654780987650156,
    "log_amount": 0.446891188621521,
    "hour_sin": 0.011347313411533833,
    "hour_cos": 0.005673901177942753,
    "route_enc": 0.011589029803872108,
    "src_symbol_enc": 0.05182294175028801
  }
}