{
  "bridge": "cctp",
  "model_type": "lightgbm",
  "features": [
    "amount_usd",
    "dune_hourly_gas_gwei",
    "gas_1h_lag",
    "gas_6h_avg",
    "gas_24h_avg",
    "gas_volatility_24h",
    "eth_price_at_src",
    "eth_price_change_1h",
    "eth_price_24h_avg",
    "bridge_hourly_volume",
    "hour_of_day",
    "day_of_week",
    "is_weekend",
    "month",
    "log_amount",
    "amount_x_gas",
    "hour_sin",
    "hour_cos",
    "route_enc",
    "src_symbol_enc"
  ],
  "feature_medians": {
    "amount_usd": 151.32618250000002,
    "dune_hourly_gas_gwei": 10.82325343606916,
    "gas_1h_lag": 10.801858564078026,
    "gas_6h_avg": 12.198973886649824,
    "gas_24h_avg": 13.910610370096656,
    "gas_volatility_24h": 7.350385905028663,
    "eth_price_at_src": 3101.4146722252,
    "eth_price_change_1h": 0.0,
    "eth_price_24h_avg": 3095.6811656798836,
    "bridge_hourly_volume": 1.0,
    "hour_of_day": 14.0,
    "day_of_week": 3.0,
    "is_weekend": 0.0,
    "month": 8.0,
    "log_amount": 5.026009940671157,
    "amount_x_gas": 1675.5249667931198,
    "hour_sin": -0.25881904510252157,
    "hour_cos": 6.123233995736766e-17
  },
  "metrics": {
    "mae": 0.3447075518030662,
    "rmse": 0.8654758482933962,
    "r2": 0.9474805566821916
  },
  "confidence": "high",
  "n_samples": 584,
  "n_train": 467,
  "n_test": 117,
  "last_trained": "2026-03-21T19:46:07.362244+00:00",
  "feature_importance": {
    "amount_usd": 720,
    "dune_hourly_gas_gwei": 252,
    "gas_1h_lag": 360,
    "gas_6h_avg": 316,
    "gas_24h_avg": 364,
    "gas_volatility_24h": 318,
    "eth_price_at_src": 251,
    "eth_price_change_1h": 411,
    "eth_price_24h_avg": 245,
    "bridge_hourly_volume": 12,
    "hour_of_day": 160,
    "day_of_week": 139,
    "is_weekend": 11,
    "month": 239,
    "log_amount": 176,
    "amount_x_gas": 753,
    "hour_sin": 203,
    "hour_cos": 122,
    "route_enc": 1222,
    "src_symbol_enc": 0
  }
}