{
  "bridge": "cctp",
  "model_type": "xgboost",
  "features": [
    "amount_usd",
    "dune_hourly_gas_gwei",
    "gas_1h_lag",
    "gas_6h_avg",
    "gas_24h_avg",
    "gas_volatility_24h",
    "eth_price_at_src",
    "eth_price_change_1h",
    "eth_price_24h_avg",
    "bridge_hourly_volume",
    "hour_of_day",
    "day_of_week",
    "is_weekend",
    "month",
    "log_amount",
    "amount_x_gas",
    "hour_sin",
    "hour_cos",
    "route_enc",
    "src_symbol_enc"
  ],
  "feature_medians": {
    "amount_usd": 150.51389,
    "dune_hourly_gas_gwei": 10.0,
    "gas_1h_lag": 10.0,
    "gas_6h_avg": 11.619427980560568,
    "gas_24h_avg": 13.36965569520929,
    "gas_volatility_24h": 7.004124229311227,
    "eth_price_at_src": 3120.5502427498,
    "eth_price_change_1h": 0.0,
    "eth_price_24h_avg": 3145.7282944448166,
    "bridge_hourly_volume": 1.0,
    "hour_of_day": 13.0,
    "day_of_week": 3.0,
    "is_weekend": 0.0,
    "month": 8.0,
    "log_amount": 5.020677303915096,
    "amount_x_gas": 1668.774325163352,
    "hour_sin": -0.2588190451025208,
    "hour_cos": -1.8369701987210297e-16
  },
  "metrics": {
    "mae": 3.55355995568342,
    "rmse": 10.868593216008321,
    "r2": 0.025200797730235758
  },
  "confidence": "low",
  "n_samples": 561,
  "n_train": 448,
  "n_test": 113,
  "last_trained": "2026-03-22T15:10:59.900784+00:00",
  "feature_importance": {
    "amount_usd": 0.11159614473581314,
    "dune_hourly_gas_gwei": 0.06474055349826813,
    "gas_1h_lag": 0.01081117894500494,
    "gas_6h_avg": 0.04316487908363342,
    "gas_24h_avg": 0.03746422007679939,
    "gas_volatility_24h": 0.006910489406436682,
    "eth_price_at_src": 0.019569573923945427,
    "eth_price_change_1h": 0.04734155908226967,
    "eth_price_24h_avg": 0.01262972503900528,
    "bridge_hourly_volume": 0.02397451177239418,
    "hour_of_day": 0.02016962319612503,
    "day_of_week": 0.03202928230166435,
    "is_weekend": 0.0019043190404772758,
    "month": 0.014124262146651745,
    "log_amount": 0.05140415579080582,
    "amount_x_gas": 0.06374961137771606,
    "hour_sin": 0.026482047513127327,
    "hour_cos": 0.012980291619896889,
    "route_enc": 0.39895355701446533,
    "src_symbol_enc": 0.0
  }
}