{
  "bridge": "stargate_oft",
  "model_type": "xgboost",
  "features": [
    "amount_usd",
    "dune_hourly_gas_gwei",
    "gas_1h_lag",
    "gas_6h_avg",
    "gas_24h_avg",
    "gas_volatility_24h",
    "eth_price_at_src",
    "eth_price_change_1h",
    "eth_price_24h_avg",
    "bridge_hourly_volume",
    "hour_of_day",
    "day_of_week",
    "is_weekend",
    "month",
    "log_amount",
    "amount_x_gas",
    "hour_sin",
    "hour_cos",
    "route_enc",
    "src_symbol_enc"
  ],
  "feature_medians": {
    "amount_usd": 135.7148804660011,
    "dune_hourly_gas_gwei": 11.550033098024599,
    "gas_1h_lag": 11.541721694878456,
    "gas_6h_avg": 12.140090548715015,
    "gas_24h_avg": 12.882197220873397,
    "gas_volatility_24h": 4.553588954248588,
    "eth_price_at_src": 3360.8581730418,
    "eth_price_change_1h": 0.0,
    "eth_price_24h_avg": 3374.0231855392544,
    "bridge_hourly_volume": 2.0,
    "hour_of_day": 12.0,
    "day_of_week": 3.0,
    "is_weekend": 0.0,
    "month": 10.0,
    "log_amount": 4.917896481549326,
    "amount_x_gas": 1591.2592194664844,
    "hour_sin": 1.2246467991473532e-16,
    "hour_cos": -0.25881904510252063
  },
  "metrics": {
    "mae": 0.19903546284047258,
    "rmse": 0.96998389504035,
    "r2": 0.46519385147337233
  },
  "confidence": "medium",
  "n_samples": 2908,
  "n_train": 2326,
  "n_test": 582,
  "last_trained": "2026-03-22T15:11:01.958645+00:00",
  "feature_importance": {
    "amount_usd": 0.003562833881005645,
    "dune_hourly_gas_gwei": 0.03269074484705925,
    "gas_1h_lag": 0.07405342161655426,
    "gas_6h_avg": 0.04563300684094429,
    "gas_24h_avg": 0.009339364245533943,
    "gas_volatility_24h": 0.011062167584896088,
    "eth_price_at_src": 0.01631404273211956,
    "eth_price_change_1h": 0.0016134192701429129,
    "eth_price_24h_avg": 0.034491147845983505,
    "bridge_hourly_volume": 0.4775947034358978,
    "hour_of_day": 0.011365880258381367,
    "day_of_week": 0.0019909702241420746,
    "is_weekend": 0.01602221094071865,
    "month": 0.03683234378695488,
    "log_amount": 0.002418273827061057,
    "amount_x_gas": 0.0034604526590555906,
    "hour_sin": 0.0011268615489825606,
    "hour_cos": 0.040219105780124664,
    "route_enc": 0.07040540128946304,
    "src_symbol_enc": 0.10980359464883804
  }
}