{
  "bridge": "stargate_oft",
  "model_type": "xgboost",
  "features": [
    "amount_usd",
    "dune_hourly_gas_gwei",
    "gas_1h_lag",
    "gas_6h_avg",
    "gas_24h_avg",
    "gas_volatility_24h",
    "eth_price_at_src",
    "eth_price_change_1h",
    "eth_price_24h_avg",
    "bridge_hourly_volume",
    "hour_of_day",
    "day_of_week",
    "is_weekend",
    "month",
    "log_amount",
    "amount_x_gas",
    "hour_sin",
    "hour_cos",
    "route_enc",
    "src_symbol_enc"
  ],
  "feature_medians": {
    "amount_usd": 135.91868779469468,
    "dune_hourly_gas_gwei": 11.588039084942249,
    "gas_1h_lag": 11.586755841535812,
    "gas_6h_avg": 12.216462718469252,
    "gas_24h_avg": 13.038980999556966,
    "gas_volatility_24h": 4.628754405651,
    "eth_price_at_src": 3358.9190709366,
    "eth_price_change_1h": 0.0,
    "eth_price_24h_avg": 3372.4115829274665,
    "bridge_hourly_volume": 2.0,
    "hour_of_day": 12.0,
    "day_of_week": 3.0,
    "is_weekend": 0.0,
    "month": 10.0,
    "log_amount": 4.919387229878803,
    "amount_x_gas": 1592.8475796789317,
    "hour_sin": 1.2246467991473532e-16,
    "hour_cos": -0.25881904510252063
  },
  "metrics": {
    "mae": 0.08924023044773813,
    "rmse": 0.49280921342139045,
    "r2": 0.8985886838914652
  },
  "confidence": "high",
  "n_samples": 2925,
  "n_train": 2340,
  "n_test": 585,
  "last_trained": "2026-03-21T19:46:08.745907+00:00",
  "feature_importance": {
    "amount_usd": 0.10032965987920761,
    "dune_hourly_gas_gwei": 0.01310090720653534,
    "gas_1h_lag": 0.011365261860191822,
    "gas_6h_avg": 0.006942301522940397,
    "gas_24h_avg": 0.003940613009035587,
    "gas_volatility_24h": 0.0075716678984463215,
    "eth_price_at_src": 0.02467295713722706,
    "eth_price_change_1h": 0.0077767823822796345,
    "eth_price_24h_avg": 0.047454118728637695,
    "bridge_hourly_volume": 0.07185524702072144,
    "hour_of_day": 0.03218623623251915,
    "day_of_week": 0.0057331351563334465,
    "is_weekend": 0.0017965339357033372,
    "month": 0.3291780650615692,
    "log_amount": 0.03144422546029091,
    "amount_x_gas": 0.1415245532989502,
    "hour_sin": 0.03797707334160805,
    "hour_cos": 0.007583636790513992,
    "route_enc": 0.11341168731451035,
    "src_symbol_enc": 0.004155281465500593
  }
}