{
  "bridge": "stargate_bus",
  "model_type": "xgboost",
  "features": [
    "amount_usd",
    "dune_hourly_gas_gwei",
    "gas_1h_lag",
    "gas_6h_avg",
    "gas_24h_avg",
    "gas_volatility_24h",
    "eth_price_at_src",
    "eth_price_change_1h",
    "eth_price_24h_avg",
    "bridge_hourly_volume",
    "hour_of_day",
    "day_of_week",
    "is_weekend",
    "month",
    "log_amount",
    "amount_x_gas",
    "hour_sin",
    "hour_cos",
    "route_enc",
    "src_symbol_enc"
  ],
  "feature_medians": {
    "amount_usd": 43.16662277119902,
    "dune_hourly_gas_gwei": 11.424211605242155,
    "gas_1h_lag": 11.425199552776403,
    "gas_6h_avg": 11.788306826077907,
    "gas_24h_avg": 12.549151387919721,
    "gas_volatility_24h": 4.943431728304311,
    "eth_price_at_src": 3123.049900366,
    "eth_price_change_1h": 0.0,
    "eth_price_24h_avg": 3122.602918547167,
    "bridge_hourly_volume": 2.0,
    "hour_of_day": 11.0,
    "day_of_week": 3.0,
    "is_weekend": 0.0,
    "month": 10.0,
    "log_amount": 3.787969359058703,
    "amount_x_gas": 553.3301404688088,
    "hour_sin": 1.2246467991473532e-16,
    "hour_cos": -0.25881904510252063
  },
  "metrics": {
    "mae": 0.21447566218358025,
    "rmse": 0.82758161105856,
    "r2": 0.3821621235291107
  },
  "confidence": "low",
  "n_samples": 3128,
  "n_train": 2502,
  "n_test": 626,
  "last_trained": "2026-03-22T15:11:04.827396+00:00",
  "feature_importance": {
    "amount_usd": 0.07336439192295074,
    "dune_hourly_gas_gwei": 0.059903062880039215,
    "gas_1h_lag": 0.041221048682928085,
    "gas_6h_avg": 0.033013105392456055,
    "gas_24h_avg": 0.038367174565792084,
    "gas_volatility_24h": 0.02621380053460598,
    "eth_price_at_src": 0.031968168914318085,
    "eth_price_change_1h": 0.02887921780347824,
    "eth_price_24h_avg": 0.03140293061733246,
    "bridge_hourly_volume": 0.01783999241888523,
    "hour_of_day": 0.028021197766065598,
    "day_of_week": 0.026473233476281166,
    "is_weekend": 0.017574982717633247,
    "month": 0.06540879607200623,
    "log_amount": 0.03337555751204491,
    "amount_x_gas": 0.04496343433856964,
    "hour_sin": 0.022169752046465874,
    "hour_cos": 0.020305901765823364,
    "route_enc": 0.32393449544906616,
    "src_symbol_enc": 0.0355997234582901
  }
}