{
  "bridge": "stargate_bus",
  "model_type": "lightgbm",
  "features": [
    "amount_usd",
    "dune_hourly_gas_gwei",
    "gas_1h_lag",
    "gas_6h_avg",
    "gas_24h_avg",
    "gas_volatility_24h",
    "eth_price_at_src",
    "eth_price_change_1h",
    "eth_price_24h_avg",
    "bridge_hourly_volume",
    "hour_of_day",
    "day_of_week",
    "is_weekend",
    "month",
    "log_amount",
    "amount_x_gas",
    "hour_sin",
    "hour_cos",
    "route_enc",
    "src_symbol_enc"
  ],
  "feature_medians": {
    "amount_usd": 43.28287213342857,
    "dune_hourly_gas_gwei": 11.4933624656835,
    "gas_1h_lag": 11.4933624656835,
    "gas_6h_avg": 11.823657438057538,
    "gas_24h_avg": 12.637785524848866,
    "gas_volatility_24h": 4.960811721562926,
    "eth_price_at_src": 3120.3832710085,
    "eth_price_change_1h": 0.0,
    "eth_price_24h_avg": 3121.123521937671,
    "bridge_hourly_volume": 2.0,
    "hour_of_day": 11.0,
    "day_of_week": 3.0,
    "is_weekend": 0.0,
    "month": 10.0,
    "log_amount": 3.7905979687321483,
    "amount_x_gas": 560.5996122756641,
    "hour_sin": 1.2246467991473532e-16,
    "hour_cos": -0.25881904510252063
  },
  "metrics": {
    "mae": 0.23581968420535174,
    "rmse": 0.6743888922418633,
    "r2": 0.5208704235707458
  },
  "confidence": "medium",
  "n_samples": 3139,
  "n_train": 2511,
  "n_test": 628,
  "last_trained": "2026-03-21T19:46:11.348856+00:00",
  "feature_importance": {
    "amount_usd": 1087,
    "dune_hourly_gas_gwei": 666,
    "gas_1h_lag": 727,
    "gas_6h_avg": 714,
    "gas_24h_avg": 612,
    "gas_volatility_24h": 673,
    "eth_price_at_src": 900,
    "eth_price_change_1h": 606,
    "eth_price_24h_avg": 920,
    "bridge_hourly_volume": 135,
    "hour_of_day": 345,
    "day_of_week": 249,
    "is_weekend": 6,
    "month": 354,
    "log_amount": 327,
    "amount_x_gas": 993,
    "hour_sin": 337,
    "hour_cos": 339,
    "route_enc": 1797,
    "src_symbol_enc": 147
  }
}